Time,Old File Name,Last File Name
2026-03-10 오후 1:40:37,C:\CSHTest\DoNotTouch\Training\SU2810.xml,C:\CSHTest\DoNotTouch\Training\ThreeLine_OptEN.xml
2026-03-12 오후 1:47:17,C:\CSHTest\DoNotTouch\Training\ThreeLine_OptEN.xml,C:\CSHTest\DoNotTouch\Training\ThreeLine_OptEN.xml
2026-03-12 오후 1:48:03,C:\CSHTest\DoNotTouch\Training\FourLine.xml,C:\CSHTest\DoNotTouch\Training\FourLine.xml
2026-03-12 오후 1:48:18,C:\CSHTest\DoNotTouch\Training\FourLine.xml,C:\CSHTest\DoNotTouch\Training\FourLine.xml
2026-03-12 오후 1:49:00,C:\CSHTest\DoNotTouch\Training\FourLine.xml,C:\CSHTest\DoNotTouch\Training\FourLine.xml
2026-03-16 오후 4:58:54,C:\CSHTest\DoNotTouch\Training\FourLine.xml,C:\CSHTest\DoNotTouch\Training\FourLine.xml
2026-03-16 오후 4:59:19,C:\CSHTest\DoNotTouch\Training\FourLine.xml,C:\CSHTest\DoNotTouch\Training\FourLine.xml
2026-03-16 오후 4:59:33,C:\CSHTest\DoNotTouch\Training\FourLine.xml,C:\CSHTest\DoNotTouch\Training\FourLine.xml
2026-03-16 오후 5:00:08,C:\CSHTest\DoNotTouch\Training\FourLine.xml,C:\CSHTest\DoNotTouch\Training\FourLine.xml
2026-03-16 오후 5:00:18,C:\CSHTest\DoNotTouch\Training\FourLine.xml,C:\CSHTest\DoNotTouch\Training\FourLine.xml
2026-03-16 오후 5:01:18,C:\CSHTest\DoNotTouch\Training\FourLine.xml,C:\CSHTest\DoNotTouch\Training\FourLine.xml
2026-03-16 오후 5:01:36,C:\CSHTest\DoNotTouch\Training\FourLine.xml,C:\CSHTest\DoNotTouch\Training\FourLine.xml
2026-03-16 오후 5:01:50,C:\CSHTest\DoNotTouch\Training\FourLine.xml,C:\CSHTest\DoNotTouch\Training\FourLine.xml
2026-03-16 오후 5:02:19,C:\CSHTest\DoNotTouch\Training\FourLine.xml,C:\CSHTest\DoNotTouch\Training\FourLine.xml
2026-03-16 오후 5:10:58,C:\CSHTest\DoNotTouch\Training\FourLine.xml,C:\CSHTest\DoNotTouch\Training\FourLine.xml
2026-03-16 오후 5:15:11,C:\CSHTest\DoNotTouch\Training\FourLine.xml,C:\CSHTest\DoNotTouch\Training\FourLine.xml
2026-03-16 오후 5:15:25,C:\CSHTest\DoNotTouch\Training\FourLine.xml,C:\CSHTest\DoNotTouch\Training\FourLine.xml
2026-03-16 오후 5:15:36,C:\CSHTest\DoNotTouch\Training\FourLine.xml,C:\CSHTest\DoNotTouch\Training\FourLine.xml
2026-03-16 오후 5:15:46,C:\CSHTest\DoNotTouch\Training\FourLine.xml,C:\CSHTest\DoNotTouch\Training\FourLine.xml
2026-03-16 오후 5:15:51,C:\CSHTest\DoNotTouch\Training\FourLine.xml,C:\CSHTest\DoNotTouch\Training\FourLine.xml
2026-03-16 오후 5:16:02,C:\CSHTest\DoNotTouch\Training\FourLine.xml,C:\CSHTest\DoNotTouch\Training\FourLine.xml
2026-03-19 오후 5:31:21,C:\CSHTest\DoNotTouch\Training\FourLine.xml,C:\CSHTest\DoNotTouch\Training\FourLine.xml
2026-03-19 오후 5:31:37,C:\CSHTest\DoNotTouch\Training\FourLine.xml,C:\CSHTest\DoNotTouch\Training\FourLine.xml
2026-03-19 오후 5:31:47,C:\CSHTest\DoNotTouch\Training\FourLine.xml,C:\CSHTest\DoNotTouch\Training\FourLine.xml
2026-03-19 오후 5:32:20,C:\CSHTest\DoNotTouch\Training\FourLine.xml,C:\CSHTest\DoNotTouch\Training\FourLine.xml
2026-03-19 오후 5:32:36,C:\CSHTest\DoNotTouch\Training\FourLine.xml,C:\CSHTest\DoNotTouch\Training\FourLine.xml
2026-03-19 오후 5:32:38,C:\CSHTest\DoNotTouch\Training\FourLine.xml,C:\CSHTest\DoNotTouch\Training\FourLine.xml
2026-03-19 오후 5:32:50,C:\CSHTest\DoNotTouch\Training\FourLine.xml,C:\CSHTest\DoNotTouch\Training\FourLineThick.xml
2026-03-20 오전 8:34:35,C:\CSHTest\DoNotTouch\Training\FourLineThick.xml,C:\CSHTest\DoNotTouch\Training\FourLineThick_prac.xml
2026-03-20 오전 8:35:56,C:\CSHTest\DoNotTouch\Training\FourLineThick_prac.xml,C:\CSHTest\DoNotTouch\Training\FourLineThick_prac.xml
2026-03-20 오전 8:39:13,C:\CSHTest\DoNotTouch\Training\FourLineThick_prac.xml,C:\CSHTest\DoNotTouch\Training\FourLineThick_prac.xml
2026-03-20 오전 8:42:08,C:\CSHTest\DoNotTouch\Training\FourLineThick_prac.xml,C:\CSHTest\DoNotTouch\Training\FourLineThick.xml
2026-03-20 오전 8:42:17,C:\CSHTest\DoNotTouch\Training\FourLineThick.xml,C:\CSHTest\DoNotTouch\Training\FourLineThick.xml
2026-03-20 오후 4:26:03,C:\CSHTest\DoNotTouch\Training\FourLineThick.xml,C:\CSHTest\DoNotTouch\Training\FourLineThick.xml
2026-03-20 오후 4:26:29,C:\CSHTest\DoNotTouch\Training\FourLineThick.xml,C:\CSHTest\DoNotTouch\Training\FourLineThick.xml
2026-03-20 오후 5:21:45,C:\CSHTest\DoNotTouch\Training\FourLineThick.xml,C:\CSHTest\DoNotTouch\Training\FourLineThick.xml
2026-03-20 오후 5:21:50,C:\CSHTest\DoNotTouch\Training\FourLineThick.xml,C:\CSHTest\DoNotTouch\Training\FourLineThick.xml
2026-03-20 오후 5:24:47,C:\CSHTest\DoNotTouch\Training\FourLineThick.xml,C:\CSHTest\DoNotTouch\Training\FourLineThick.xml
2026-03-20 오후 5:24:53,C:\CSHTest\DoNotTouch\Training\FourLineThick.xml,C:\CSHTest\DoNotTouch\Training\FourLineThick.xml
2026-03-20 오후 5:25:41,C:\CSHTest\DoNotTouch\Training\FourLineThick.xml,C:\CSHTest\DoNotTouch\Training\FourLineThick.xml
2026-03-20 오후 5:25:48,C:\CSHTest\DoNotTouch\Training\FourLineThick.xml,C:\CSHTest\DoNotTouch\Training\FourLineThick.xml
2026-03-23 오전 10:56:59,C:\CSHTest\DoNotTouch\Training\FourLineThick.xml,C:\CSHTest\DoNotTouch\Training\ThreeLine_OptEN.xml
2026-03-23 오전 11:00:09,C:\CSHTest\DoNotTouch\Training\ThreeLine_OptEN.xml,C:\CSHTest\DoNotTouch\Training\0_CSH030Ex_0.xml
2026-03-23 오후 2:33:38,C:\CSHTest\DoNotTouch\Training\0_CSH030Ex_0.xml,C:\CSHTest\DoNotTouch\Training\FourLineThick.xml
2026-03-25 오후 12:15:10,C:\CSHTest\DoNotTouch\Training\FourLineThick.xml,C:\CSHTest\DoNotTouch\Training\ThreeLine_OptEN.xml
2026-03-26 오전 8:20:07,C:\CSHTest\DoNotTouch\Training\ThreeLine_OptEN.xml,C:\CSHTest\DoNotTouch\Training\FourLineThick.xml
2026-03-27 오전 10:42:43,C:\CSHTest\DoNotTouch\Training\FourLineThick.xml,C:\CSHTest\DoNotTouch\Training\ThreeLine_OptEN.xml
2026-03-31 오후 4:00:42,C:\CSHTest\DoNotTouch\Training\ThreeLine_OptEN.xml,C:\CSHTest\DoNotTouch\Training\FourLineThick.xml
2026-04-02 오전 8:22:04,C:\CSHTest\DoNotTouch\Training\FourLineThick.xml,C:\CSHTest\DoNotTouch\Training\FourLineThick.xml
2026-04-02 오전 8:22:17,C:\CSHTest\DoNotTouch\Training\FourLineThick.xml,C:\CSHTest\DoNotTouch\Training\ThreeLine_OptEN.xml
2026-04-06 오후 2:51:54,C:\CSHTest\DoNotTouch\Training\ThreeLine_OptEN.xml,C:\CSHTest\DoNotTouch\Training\ThreeLine_OptEN.xml
2026-04-06 오후 2:52:48,C:\CSHTest\DoNotTouch\Training\ThreeLine_OptEN.xml,C:\CSHTest\DoNotTouch\Training\ThreeLine_OptEN.xml
2026-04-06 오후 2:57:59,C:\CSHTest\DoNotTouch\Training\ThreeLine_OptEN.xml,C:\CSHTest\DoNotTouch\Training\ThreeLine_OptEN.xml
2026-04-07 오후 4:19:29,C:\CSHTest\DoNotTouch\Training\ThreeLine_OptEN.xml,C:\CSHTest\DoNotTouch\Training\ThreeLine_OptEN_E400.xml
2026-04-07 오후 4:25:09,C:\CSHTest\DoNotTouch\Training\ThreeLine_OptEN_E400.xml,C:\CSHTest\DoNotTouch\Training\ThreeLine_OptEN_E400.xml
2026-04-07 오후 4:50:37,C:\CSHTest\DoNotTouch\Training\ThreeLine_OptEN_E400.xml,C:\CSHTest\DoNotTouch\Training\ThreeLine_OptEN_E300.xml
2026-04-07 오후 5:01:40,C:\CSHTest\DoNotTouch\Training\ThreeLine_OptEN_E300.xml,C:\CSHTest\DoNotTouch\Training\ThreeLine_OptEN.xml
2026-04-07 오후 5:02:36,C:\CSHTest\DoNotTouch\Training\ThreeLine_OptEN.xml,C:\CSHTest\DoNotTouch\Training\ThreeLine_OptEN_E300.xml
2026-04-13 오전 9:32:04,C:\CSHTest\DoNotTouch\Training\ThreeLine_OptEN_E300.xml,C:\CSHTest\DoNotTouch\Training\ThreeLine_OptEN.xml
2026-04-20 오후 12:09:27,C:\CSHTest\DoNotTouch\Training\ThreeLine_OptEN.xml,C:\CSHTest\DoNotTouch\Training\SU2810.xml
2026-04-24 오전 11:18:41,C:\CSHTest\DoNotTouch\Training\SU2810.xml,C:\CSHTest\DoNotTouch\Training\ThreeLine_OptEN.xml
2026-04-29 오전 8:24:15,C:\CSHTest\DoNotTouch\Training\ThreeLine_OptEN.xml,C:\CSHTest\DoNotTouch\Training\ThreeLine_OptEN.xml
2026-04-29 오전 8:48:56,C:\CSHTest\DoNotTouch\Training\ThreeLine_OptEN.xml,C:\CSHTest\DoNotTouch\Training\StdSingleMark.xml
2026-04-29 오전 9:46:02,C:\CSHTest\DoNotTouch\Training\StdSingleMark.xml,C:\CSHTest\DoNotTouch\Training\ThreeLine_OptEN.xml
2026-04-30 오후 12:10:14,C:\CSHTest\DoNotTouch\Training\ThreeLine_OptEN.xml,C:\CSHTest\DoNotTouch\Training\FourLineThick.xml
2026-04-30 오후 12:10:24,C:\CSHTest\DoNotTouch\Training\FourLineThick.xml,C:\CSHTest\DoNotTouch\Training\FourLineThick.xml
2026-04-30 오후 4:44:59,C:\CSHTest\DoNotTouch\Training\FourLineThick.xml,C:\CSHTest\DoNotTouch\Training\ThreeLine_OptEN.xml
2026-05-12 오전 11:40:55,C:\CSHTest\DoNotTouch\Training\ThreeLine_OptEN.xml,C:\CSHTest\DoNotTouch\Training\ThreeLine_OptEN.xml
2026-05-29 오전 11:51:28,C:\CSHTest\DoNotTouch\Training\ThreeLine_OptEN.xml,C:\CSHTest\DoNotTouch\Training\FourLineThick.xml
